{
  "accuracy": 0.8775749802589417,
  "loss": 0.37000566720962524,
  "val_accuracy": 0.4334000051021576,
  "val_loss": 3.031848907470703,
  "epoch": 0,
  "global_step": 1250
}