{
  "accuracy": 0.9429000020027161,
  "loss": 0.1764693409204483,
  "val_accuracy": 0.428600013256073,
  "val_loss": 4.366821765899658,
  "epoch": 0,
  "global_step": 1250
}