{
  "accuracy": 0.9573749899864197,
  "loss": 0.1284288913011551,
  "val_accuracy": 0.4205999970436096,
  "val_loss": 5.193239688873291,
  "epoch": 5,
  "global_step": 7500
}