{
  "accuracy": 0.5661749839782715,
  "loss": 1.289527177810669,
  "val_accuracy": 0.48019999265670776,
  "val_loss": 1.5882803201675415,
  "epoch": 3,
  "global_step": 5000
}